image_filename,x0,y0,x1,y1,label,confidence
frame_091a7cfa-784c-4033-9372-42b72a89febf_00000-1280_720.jpg,749.511111111,177.865612648,812.088888889,250.434782609,bus,1.0
frame_091a7cfa-784c-4033-9372-42b72a89febf_00000-1280_720.jpg,644.266666667,217.707509881,738.133333333,300.23715415,car,1.0
frame_29f9439f-ee0a-4f73-bedc-66854e61e964_00000-1280_720.jpg,422.4,379.920948617,459.377777778,408.37944664,car,1.0
frame_29f9439f-ee0a-4f73-bedc-66854e61e964_00000-1280_720.jpg,509.155555556,368.537549407,635.733333333,470.988142292,car,1.0
frame_30b5f316-7ed3-4d1e-851c-412d424a0b43_00000-1280_720.jpg,640.711902113,364.268774704,733.259176863,441.106719368,car,1.0
frame_978a8c37-c23b-4986-9aa6-9e002d2be449_00002-1280_720.jpg,467.911111111,337.233201581,543.288888889,399.841897233,car,1.0
frame_978a8c37-c23b-4986-9aa6-9e002d2be449_00002-1280_720.jpg,630.044444444,300.23715415,735.288888889,405.533596838,van,1.0
frame_978a8c37-c23b-4986-9aa6-9e002d2be449_00002-1280_720.jpg,860.444444444,283.162055336,1088.0,486.640316206,van,1.0
